Feature,Count,% Miss,Card,Min,1st Qrt,Mean,Median,3rd Qrt,Max,Std Dev
age,30940,0.0%,72,17.0,28.0,38.56076276664512,37.0,48.0,90.0,13.639403068812152
fnlwgt,30940,3.85%,19895,12285.0,117849.0,185203.64395604396,178384.0,237318.0,400535.0,91424.235037132
education-num,30940,2.93%,15,1.0,9.0,9.994149967679379,10.0,12.0,15.0,2.4851083101355598
capital-gain,30940,0.79%,111,0.0,0.0,521.084421460892,0.0,0.0,15831.0,2165.8921685809746
capital-loss,30940,4.52%,10,0.0,0.0,12.160665804783452,0.0,0.0,880.0,56.61934386373549
hours-per-week,30940,5.52%,65,1.0,40.0,39.53144796380091,40.0,44.0,65.0,10.666232943217551
