Feature,Count,% Miss,Card,Min,1st Qrt,Mean,Median,3rd Qrt,Max,Std Dev
age,30940,0.0%,72,17.0,28.0,38.56076276664512,37.0,48.0,90.0,13.639403068812152
fnlwgt,30940,3.85%,19895,12285.0,117849.0,181782.06703296702,178384.0,237318.0,400535.0,85907.18107782827
education-num,30940,2.93%,15,1.0,9.0,10.006593406593407,10.0,12.0,15.0,2.482601502772201
capital-gain,30940,0.79%,111,0.0,0.0,570.8465416936006,0.0,0.0,15831.0,2250.714035713455
capital-loss,30940,4.52%,10,0.0,0.0,5.247478991596639,0.0,0.0,880.0,29.054869874768244
hours-per-week,30940,5.52%,65,1.0,38.0,39.05429864253394,40.0,44.0,65.0,10.922309051064556
